{"0.0":0.36813953074118033,"1.0":0.4152733081431564,"2.0":0.37212212958019225,"3.0":0.3610709357963287,"4.0":0.4970602673896874,"5.0":0.31073244080979107,"6.0":0.5177816795974629,"7.0":0.49001800507614596,"8.0":0.481245840849384,"9.0":0.4439520614075872,"10.0":0.4353903615212002,"11.0":0.3795097016955158,"12.0":0.370171292393852,"13.0":0.42315098409669094,"14.0":0.35789786438218907,"15.0":0.4516783931206136,"16.0":0.5018818941653964,"17.0":0.2797012920404192,"18.0":0.34428491943073736}