{"0.0":0.3350514849773192,"1.0":0.39305797668249626,"2.0":0.38200405701592494,"3.0":0.35069142211656046,"4.0":0.46623911533723716,"5.0":0.23652003320743475,"6.0":0.4477622410824851,"7.0":0.4447860778972114,"8.0":0.40184494921040564,"9.0":0.4337253943112159,"10.0":0.4056892868883392,"11.0":0.37588911815088477,"12.0":0.34384042402123094,"13.0":0.3779160642991557,"14.0":0.333544703022937,"15.0":0.41346685025146024,"16.0":0.44682199516359744,"17.0":0.23665066318249428,"18.0":0.32075202339951264}