{"0.0":0.34091458898369664,"1.0":0.39306403008282925,"2.0":0.3802757763391034,"3.0":0.35742987842836843,"4.0":0.46847957641334775,"5.0":0.24743858822110495,"6.0":0.4501498930465675,"7.0":0.4448243129692915,"8.0":0.4052244178108792,"9.0":0.4525169019555566,"10.0":0.4057206750705429,"11.0":0.375885018229195,"12.0":0.3483395324872493,"13.0":0.3779232380757536,"14.0":0.3275203296163625,"15.0":0.4089459820304393,"16.0":0.422694972091874,"17.0":0.2371226505210652,"18.0":0.32071126766267805}