{"0.0":0.3563126256601663,"1.0":0.3882610348545021,"2.0":0.41125214931391313,"3.0":0.3638554042269902,"4.0":0.5036993635029064,"5.0":0.3100306173262746,"6.0":0.5177961470026993,"7.0":0.4900187935632789,"8.0":0.4812360190819203,"9.0":0.4287846162259965,"10.0":0.43433811788471105,"11.0":0.3965793387776153,"12.0":0.3928167424175351,"13.0":0.4206914334956568,"14.0":0.35965087423423325,"15.0":0.44774992351037907,"16.0":0.501800672083076,"17.0":0.2774715246697385,"18.0":0.3489014520622004}