{"0.0":0.34075178695186553,"1.0":0.40119283282192014,"2.0":0.39488542416264566,"3.0":0.3499449096908658,"4.0":0.49481060942839644,"5.0":0.26704915660745926,"6.0":0.5016731113510732,"7.0":0.46949413176147425,"8.0":0.4556259869510499,"9.0":0.4504539779359542,"10.0":0.4254630488417554,"11.0":0.38476995259430496,"12.0":0.37866837346729404,"13.0":0.3897605200828742,"14.0":0.33633356523950925,"15.0":0.4299009539716758,"16.0":0.46952716390978316,"17.0":0.2562631358917453,"18.0":0.34881974579929237}