{"0.0":0.34532495379953926,"1.0":0.39754885251590394,"2.0":0.36153041170312167,"3.0":0.33996935373916953,"4.0":0.50214292065926,"5.0":0.26710065672847444,"6.0":0.5010546869103831,"7.0":0.470378468414744,"8.0":0.4460659691771129,"9.0":0.4610125272270987,"10.0":0.42313487111047093,"11.0":0.38477060391741186,"12.0":0.37864550290807203,"13.0":0.3975696827714093,"14.0":0.33633356523950925,"15.0":0.42501305926198407,"16.0":0.4722254170373648,"17.0":0.2562571072175744,"18.0":0.3460317731866371}