{"0.0":0.31806134665743846,"1.0":0.3837966514535416,"2.0":0.3657214996881517,"3.0":0.3169277012898774,"4.0":0.3858422660733109,"5.0":0.212443505967507,"6.0":0.3184139623332322,"7.0":0.38015521731812346,"8.0":0.3277015623790958,"9.0":0.38866711946495247,"10.0":0.36087199578536366,"11.0":0.35411297790179513,"12.0":0.31527162763346056,"13.0":0.3304383410902718,"14.0":0.2999488745936144,"15.0":0.35888772818903236,"16.0":0.3690714194765568,"17.0":0.23651482915202288,"18.0":0.2797278864062311}