{"0.0":0.3761968346271807,"1.0":0.4423002465923325,"2.0":0.4173704481048064,"3.0":0.381982908117211,"4.0":0.5108687175817924,"5.0":0.27955358328689756,"6.0":0.5170065795619165,"7.0":0.4828354932638379,"8.0":0.5281427695499402,"9.0":0.4806023032519775,"10.0":0.4114023921707793,"11.0":0.38848800220469104,"12.0":0.4291642862559784,"13.0":0.4325873132542542,"14.0":0.3761947394834498,"15.0":0.48866816773837884,"16.0":0.4983761357904568,"17.0":0.28353331064024645,"18.0":0.3828747107474542}