{"0.0":0.37601680092889067,"1.0":0.4403087312033263,"2.0":0.39821870702489576,"3.0":0.3725648062936686,"4.0":0.504033545378944,"5.0":0.23885854412671476,"6.0":0.5184470509600421,"7.0":0.4934436835149556,"8.0":0.4863570732319953,"9.0":0.4982023758026126,"10.0":0.42667211210670786,"11.0":0.4078057742555874,"12.0":0.3806392402653778,"13.0":0.44841006508561726,"14.0":0.36994668034821404,"15.0":0.47198532824970724,"16.0":0.5055928654385354,"17.0":0.2577568314839689,"18.0":0.36268854225326513}