{"0.0":0.34495046732366347,"1.0":0.4035871384681233,"2.0":0.3886637056858974,"3.0":0.35501298097853073,"4.0":0.4728839855811366,"5.0":0.24648026807973852,"6.0":0.47854207974467783,"7.0":0.4545517508968397,"8.0":0.4278655061820708,"9.0":0.440790342265623,"10.0":0.40840267051893714,"11.0":0.372906188830558,"12.0":0.360210297456038,"13.0":0.3696868430852385,"14.0":0.33961211463418756,"15.0":0.424799450701096,"16.0":0.4503171893660178,"17.0":0.24022627300320543,"18.0":0.3342113814592263}