{"0.0":0.36460678724922113,"1.0":0.42926172250634215,"2.0":0.3827413631374476,"3.0":0.34851080551098335,"4.0":0.49838780723017667,"5.0":0.2697853097720322,"6.0":0.5164485934375626,"7.0":0.48500708173219803,"8.0":0.4560589886661683,"9.0":0.4626462182279045,"10.0":0.4080840178012956,"11.0":0.391581970253757,"12.0":0.3670172783216432,"13.0":0.39032623926545407,"14.0":0.3481481661070309,"15.0":0.45040939981231504,"16.0":0.48925237222405377,"17.0":0.2616404289811506,"18.0":0.33941660420012715}