{"0.0":0.3385265256035552,"1.0":0.41257016780699246,"2.0":0.39290193117558586,"3.0":0.3516238081859864,"4.0":0.49197793449572136,"5.0":0.2776041764959762,"6.0":0.506248476508764,"7.0":0.47261012083859044,"8.0":0.46891151857711527,"9.0":0.4757621038258415,"10.0":0.4078623873342168,"11.0":0.40847628386164353,"12.0":0.3740583850172003,"13.0":0.4127647107347843,"14.0":0.3400464949805944,"15.0":0.43459589512144564,"16.0":0.4782933427057019,"17.0":0.2675377658362783,"18.0":0.3327220759497758}