{"0.0":0.34339373026142334,"1.0":0.4097295643953589,"2.0":0.34961725272879746,"3.0":0.34598433892200436,"4.0":0.46614688318032754,"5.0":0.2523806360950041,"6.0":0.4893569794059625,"7.0":0.4603190242925057,"8.0":0.3558085817740382,"9.0":0.4608693924660807,"10.0":0.41933251742650146,"11.0":0.3835912777132271,"12.0":0.3535695655515654,"13.0":0.3749433642143846,"14.0":0.3391525854046224,"15.0":0.4315927615590969,"16.0":0.462125042617936,"17.0":0.24422816349837637,"18.0":0.3339137900557015}